split,fold,Threshold,TP,FP,TN,FN,IoU,Precision,Recall,Pixel Accuracy
val,fold_3,0.5,248286,164080,43623152,70210,0.5145013427936633,0.6021010461580101,0.779557671053929,0.9946879915461319
val,fold_3,0.6,245515,151163,43636069,72981,0.522751613404608,0.6189276945028305,0.7708574048025478,0.994918029694465
val,fold_3,0.7,242243,137349,43649883,76253,0.5314152837038789,0.6381667685304053,0.760584120365695,0.9951570462684572
val,fold_3,0.75,240173,129376,43657856,78323,0.536253661760491,0.6499084018627935,0.7540848236712312,0.9952908837600412
