split,fold,Threshold,TP,FP,TN,FN,IoU,Precision,Recall,Pixel Accuracy
final_test,fold_4,0.5,165036,85637,17943973,24362,0.6000545385132583,0.6583716634818804,0.8713713977971852,0.9939624045392587
final_test,fold_4,0.6,163653,79949,17949661,25745,0.6075916939858024,0.6718048291885669,0.8640693143538546,0.9941986962188056
final_test,fold_4,0.7,161962,73978,17955632,27436,0.614945932810863,0.6864541832669031,0.8551410257763622,0.9944336157050916
final_test,fold_4,0.75,161016,70611,17958999,28382,0.6192708713928895,0.6951521195715225,0.8501462528642937,0.9945664989004884
