split,fold,Threshold,TP,FP,TN,FN,IoU,Precision,Recall,Pixel Accuracy
final_test,fold_4,0.5,165036,85637,17943973,24362,0.6000545385132583,0.6583716634818804,0.8713713977971852,0.9939624045392587
