split,fold,Threshold,TP,FP,TN,FN,IoU,Precision,Recall,Pixel Accuracy
val,fold_1,0.5,391341,164241,51036118,181740,0.5307599664732569,0.7043802714990639,0.6828720547357061,0.9933174036726166
val,fold_2,0.5,384863,331292,52557618,138067,0.45054213073415983,0.5374018194385218,0.7359742221712134,0.9912124540176859
val,fold_3,0.5,248286,164080,43623152,70210,0.5145013427936633,0.6021010461580101,0.779557671053929,0.9946879915461319
val,fold_4,0.5,418243,134907,42391131,112871,0.6279726915517585,0.756111362198305,0.7874825367058524,0.9942453695033056
val,fold_5,0.5,335987,201483,42837845,140589,0.4955129273411238,0.6251269838316441,0.7050019304371034,0.9921391498611632
val_global_cv,global_cv,0.5,1778720,996003,232445864,643477,0.5203674448540152,0.6410441690936334,0.7343415915385878,0.9930490470985864
final_test,fold_4,0.5,165036,85637,17943973,24362,0.6000545385132583,0.6583716634818804,0.8713713977971852,0.9939624045392587
