split,fold,Threshold,TP,FP,TN,FN,IoU,Precision,Recall,Pixel Accuracy
val,fold_5,0.5,335987,201483,42837845,140589,0.4955129273411238,0.6251269838316441,0.7050019304371034,0.9921391498611632
val,fold_5,0.6,332909,192889,42846439,143667,0.4972761832209227,0.6331499929630651,0.6985433592962991,0.9922659081148812
val,fold_5,0.7,328506,180425,42858903,148070,0.5000083713723342,0.6454823934875131,0.6893045390451745,0.9924511507333041
val,fold_5,0.75,325382,171698,42867630,151194,0.501920484239681,0.6545867868351039,0.6827494460484648,0.992579908256071
