split,fold,Threshold,TP,FP,TN,FN,IoU,Precision,Recall,Pixel Accuracy
val,fold_2,0.5,384863,331292,52557618,138067,0.45054213073415983,0.5374018194385218,0.7359742221712134,0.9912124540176859
val,fold_2,0.6,380810,310335,52578575,142120,0.4570094747769262,0.5509842363035173,0.728223662822926,0.9915289381530386
val,fold_2,0.7,376149,287556,52601354,146781,0.46410301966967393,0.5667412479942058,0.7193104239573036,0.9918681513312403
val,fold_2,0.75,373121,273864,52615046,149809,0.4682778735783594,0.5767073425195239,0.7135199739926813,0.9920678074374519
