split,fold,Threshold,TP,FP,TN,FN,IoU,Precision,Recall,Pixel Accuracy
val,fold_1,0.5,391341,164241,51036118,181740,0.5307599664732569,0.7043802714990639,0.6828720547357061,0.9933174036726166
val,fold_1,0.6,385977,154767,51045592,187104,0.5302989085633191,0.7137887799032312,0.673512121323152,0.9933967880055873
val,fold_1,0.7,379757,144546,51055813,193324,0.5291843813011421,0.7243082721250741,0.6626585072616146,0.9934740670119658
val,fold_1,0.75,375774,138460,51061899,197307,0.528112926732254,0.7307451471508937,0.6557083553633665,0.9935146862947487
