split,fold,Threshold,TP,FP,TN,FN,IoU,Precision,Recall,Pixel Accuracy
val,fold_4,0.5,418243,134907,42391131,112871,0.6279726915517585,0.756111362198305,0.7874825367058524,0.9942453695033056
val,fold_4,0.6,413676,125489,42400549,117438,0.6300245353737246,0.767253067242852,0.7788836295032558,0.9943580337129588
val,fold_4,0.7,408302,115715,42410323,122812,0.6312363855052784,0.7791770114328203,0.7687652744984924,0.9944602234722815
val,fold_4,0.75,404994,110162,42415876,126120,0.6315439841815282,0.7861579793305176,0.7625368564940717,0.9945123634744814
