split,fold,TP,FP,TN,FN,IoU,Precision,Recall,Pixel Accuracy
final_test,fold_4,175608,80671,21316552,54049,0.565878683199693,0.6852219651239202,0.7646533743800203,0.9937707149621207
