split,TP,FP,TN,FN,IoU,Precision,Recall,Pixel Accuracy
final_test,61434,681908,20715315,168223,0.0673939872636612,0.08264567318945946,0.2675032766255647,0.960691001198508
