split,fold,Threshold,TP,FP,TN,FN,IoU,Precision,Recall,Pixel Accuracy
final_test,fold_5,0.5,38053,53730,17975880,151345,0.1565142640913364,0.4145974744777993,0.20091553237097534,0.9887438986798837
final_test,fold_5,0.3,40150,58883,17970727,149248,0.16171193123919422,0.40542041541704227,0.21198745498895383,0.988576161775657
final_test,fold_5,0.25,40669,60426,17969184,148729,0.16279060458562175,0.4022849794747117,0.21472771623775253,0.9885199567396857
final_test,fold_5,0.2,41232,62231,17967379,148166,0.1638602863739806,0.3985192774228083,0.21770029250571718,0.9884517861784785
