split,fold,Threshold,TP,FP,TN,FN,IoU,Precision,Recall,Pixel Accuracy
final_test,fold_5,0.5,38053,53730,17975880,151345,0.1565142640913364,0.4145974744777993,0.20091553237097534,0.9887438986798837
